-- phpMyAdmin SQL Dump
-- version 4.5.4.1deb2ubuntu2
-- http://www.phpmyadmin.net
--
-- Client :  localhost
-- Généré le :  Lun 18 Décembre 2017 à 11:42
-- Version du serveur :  5.7.20-0ubuntu0.16.04.1
-- Version de PHP :  5.6.32-1+ubuntu16.04.1+deb.sury.org+2

SET SQL_MODE = "NO_AUTO_VALUE_ON_ZERO";
SET time_zone = "+00:00";


/*!40101 SET @OLD_CHARACTER_SET_CLIENT=@@CHARACTER_SET_CLIENT */;
/*!40101 SET @OLD_CHARACTER_SET_RESULTS=@@CHARACTER_SET_RESULTS */;
/*!40101 SET @OLD_COLLATION_CONNECTION=@@COLLATION_CONNECTION */;
/*!40101 SET NAMES utf8mb4 */;

--
-- Base de données :  `animals`
--

-- --------------------------------------------------------

--
-- Structure de la table `animal`
--

CREATE TABLE `animal` (
  `id_animal` int(11) NOT NULL,
  `name` varchar(255) NOT NULL,
  `creation_date` varchar(15) NOT NULL,
  `death_date` varchar(10) NOT NULL,
  `active` binary(1) NOT NULL,
  `sexe` varchar(2) NOT NULL
) ENGINE=InnoDB DEFAULT CHARSET=utf8;

--
-- Contenu de la table `animal`
--

INSERT INTO `animal` (`id_animal`, `name`, `creation_date`, `death_date`, `active`, `sexe`) VALUES
(1, 'fleur', '2009', '', 0x00, 'F'),
(2, 'bambinette', '2008', '', 0x00, 'F'),
(3, 'pocoyo', '2006', '', 0x00, 'M'),
(4, 'hachka', '2006', '', 0x00, 'F'),
(5, 'natsou', '2003', '', 0x00, 'M'),
(6, 'bouqui', '2008', '29/02/16', 0x00, 'M'),
(7, 'cornella', '2007', '', 0x00, 'F'),
(8, 'clochette', '2008', '', 0x00, 'F'),
(9, 'lintt', '2002', '01/01/15', 0x00, 'M'),
(10, 'diego', '2006', '22/03/14', 0x00, 'M'),
(11, 'ribqui', '2006', '', 0x00, 'M'),
(12, 'rissole', '2008', '23/02/15', 0x00, 'M'),
(13, 'plume', '2009', '', 0x00, 'F'),
(14, 'lola', '2009', '', 0x00, 'F'),
(15, 'chipie', '2008', '', 0x00, 'F'),
(16, 'tikka', '2008', '', 0x00, 'F'),
(17, 'teckel', '2005', '', 0x00, 'M'),
(18, 'teddy', '2008', '', 0x00, 'M'),
(19, 'tigrette', '2010', '', 0x00, 'F'),
(20, 'suede', '2008', '', 0x00, 'F'),
(21, 'king', '2008', '20/02/15', 0x00, 'M'),
(22, 'hercule', '2006', '01/12/16', 0x00, 'M'),
(23, 'cesar', '2006', '01/02/15', 0x00, 'M'),
(24, 'mineral', '2010', '', 0x00, 'M'),
(25, 'mimette', '2008', '', 0x00, 'F'),
(26, 'pinceoreille', '2006', '', 0x00, 'M'),
(27, 'bernardt', '2008', '01/03/16', 0x00, 'M'),
(28, 'cool', '2005', '01/12/14', 0x00, 'M'),
(29, 'kiki', '2006', '', 0x00, 'M'),
(30, 'titin', '2006', '', 0x00, 'M'),
(31, 'meollion', '2010', '29/03/17', 0x00, 'M'),
(32, 'lucile', '2008', '', 0x00, 'F'),
(33, 'elsa', '2007', '', 0x00, 'F'),
(34, 'anais', '2008', '', 0x00, 'F'),
(35, 'mael', '2010', '', 0x00, 'M'),
(36, 'leo', '2009', '', 0x00, 'M'),
(37, 'laslo', '2008', '', 0x00, 'M'),
(38, 'dimanche', '2010', '', 0x00, 'M'),
(39, 'paf', '2005', '01/02/16', 0x00, 'M'),
(40, 'pif', '2009', '', 0x00, 'M'),
(41, 'sabine', '2008', '', 0x00, 'F'),
(42, 'clementine', '2008', '', 0x00, 'F'),
(43, 'pierre', '2006', '', 0x00, 'M'),
(44, 'bluemoon', '2006', '30/12/16', 0x00, 'M'),
(45, 'johnny', '2007', '', 0x00, 'M'),
(46, 'horizons', '2009', '', 0x00, 'M'),
(47, 'djet77', '2014', '', 0x00, 'F'),
(48, 'elena', '2012', '', 0x00, 'F'),
(49, 'fabien', '2012', '', 0x00, 'M'),
(50, 'camille', '2014', '', 0x00, 'F'),
(51, 'baptiste', '2011', '', 0x00, 'M'),
(52, 'lamiral', '2007', '04/08/16', 0x00, 'M'),
(53, 'moussaillon', '2011', '', 0x00, 'M'),
(54, 'dorine', '2013', '', 0x00, 'F'),
(55, 'champsaur', '2013', '', 0x00, 'M'),
(56, 'abricot', '2013', '', 0x00, 'M'),
(57, 'patience', '2010', '', 0x00, 'F'),
(58, 'rodeo', '2013', '26/04/17', 0x00, 'F'),
(59, 'sergio', '2012', '', 0x00, 'M'),
(60, 'dance', '2008', '', 0x00, 'F'),
(61, 'nala', '2014', '', 0x00, 'F'),
(62, 'mirko', '2014', '', 0x00, 'M'),
(63, 'serge', '2011', '', 0x00, 'M'),
(64, 'electron', '2013', '', 0x00, 'M'),
(65, 'boule', '2003', '', 0x00, 'M'),
(66, 'loulou', '2012', '', 0x00, 'M'),
(67, 'axel', '2015', '', 0x00, 'M'),
(68, 'sirocco', '2011', '', 0x00, 'M'),
(69, 'brice', '2012', '', 0x00, 'M');

-- --------------------------------------------------------

--
-- Structure de la table `cor_ad`
--

CREATE TABLE `cor_ad` (
  `id_device` int(11) NOT NULL,
  `id_animal` int(11) NOT NULL,
  `date_start` datetime DEFAULT NULL,
  `date_end` datetime DEFAULT NULL,
  `date_start_tmp` varchar(255) NOT NULL,
  `date_end_tmp` varchar(255) NOT NULL
) ENGINE=InnoDB DEFAULT CHARSET=utf8;

--
-- Contenu de la table `cor_ad`
--

INSERT INTO `cor_ad` (`id_device`, `id_animal`, `date_start`, `date_end`, `date_start_tmp`, `date_end_tmp`) VALUES
(1, 4, '2013-04-18 23:59:59', '2015-04-10 00:00:01', '18/04/2013 23:59:59', '10/04/2015 00:00:01'),
(1, 55, '2016-06-15 23:59:59', '2016-09-26 00:00:01', '15/06/2016 23:59:59', '26/09/2016 00:00:01'),
(2, 1, '2013-04-18 23:59:59', '2015-03-13 00:00:01', '18/04/2013 23:59:59', '13/03/2015 00:00:01'),
(3, 16, '2014-04-09 23:59:59', '2016-01-15 00:00:01', '09/04/2014 23:59:59', '15/01/2016 00:00:01'),
(3, 64, '2017-04-13 23:59:59', NULL, '13/04/2017 23:59:59', ' '),
(4, 2, '2013-04-18 23:59:59', '2015-10-26 00:00:01', '18/04/2013 23:59:59', '26/10/2015 00:00:01'),
(4, 62, '2017-04-19 23:59:59', NULL, '19/04/2017 23:59:59', ' '),
(5, 13, '2014-04-08 23:59:59', '2016-02-27 00:00:01', '08/04/2014 23:59:59', '27/02/2016 00:00:01'),
(5, 61, '2017-04-18 23:59:59', NULL, '18/04/2017 23:59:59', ' '),
(6, 8, '2013-05-13 23:59:59', '2015-06-28 00:00:01', '13/05/2013 23:59:59', '28/06/2015 00:00:01'),
(6, 69, '2017-05-24 23:59:59', NULL, '24/05/2017 23:59:59', ' '),
(7, 7, '2013-05-13 23:59:59', '2013-10-08 00:00:01', '13/05/2013 23:59:59', '08/10/2013 00:00:01'),
(7, 20, '2014-04-23 23:59:59', '2016-03-27 00:00:01', '23/04/2014 23:59:59', '27/03/2016 00:00:01'),
(7, 58, '2017-04-11 23:59:59', '2017-04-28 00:00:01', '11/04/2017 23:59:59', '28/04/2017 00:00:01'),
(8, 10, '2013-05-14 23:59:59', '2014-03-23 00:00:01', '14/05/2013 23:59:59', '23/03/2014 00:00:01'),
(8, 29, '2014-07-31 23:59:59', '2015-07-20 00:00:01', '31/07/2014 23:59:59', '20/07/2015 00:00:01'),
(8, 51, '2016-05-04 23:59:59', NULL, '04/05/2016 23:59:59', ' '),
(9, 12, '2013-05-13 23:59:59', '2015-02-24 00:00:01', '13/05/2013 23:59:59', '24/02/2015 00:00:01'),
(9, 52, '2016-05-19 23:59:59', '2016-08-04 00:00:01', '19/05/2016 23:59:59', '04/08/2016 00:00:01'),
(9, 63, '2017-04-13 23:59:59', NULL, '13/04/2017 23:59:59', ' '),
(10, 3, '2013-04-18 23:59:59', '2014-05-07 00:00:01', '18/04/2013 23:59:59', '07/05/2014 00:00:01'),
(10, 30, '2014-08-01 23:59:59', '2015-07-20 00:00:01', '01/08/2014 23:59:59', '20/07/2015 00:00:01'),
(10, 44, '2016-05-21 23:59:59', '2016-12-30 00:00:01', '21/05/2016 23:59:59', '30/12/2016 00:00:01'),
(10, 65, '2016-03-28 23:59:59', NULL, '28/03/2016 23:59:59', ' '),
(11, 23, '2014-04-24 23:59:59', '2015-04-21 00:00:01', '24/04/2014 23:59:59', '21/04/2015 00:00:01'),
(11, 46, '2016-04-18 23:59:59', NULL, '18/04/2016 23:59:59', ' '),
(12, 5, '2013-04-23 23:59:59', '2013-08-15 00:00:01', '23/04/2013 23:59:59', '15/08/2013 00:00:01'),
(12, 18, '2014-04-11 23:59:59', '2014-10-09 00:00:01', '11/04/2014 23:59:59', '09/10/2014 00:00:01'),
(12, 39, '2015-05-05 23:59:59', '2016-02-01 00:00:01', '05/05/2015 23:59:59', '01/02/2016 00:00:01'),
(13, 6, '2013-04-23 23:59:59', '2015-04-28 00:00:01', '23/04/2013 23:59:59', '28/04/2015 00:00:01'),
(13, 53, '2016-05-20 23:59:59', NULL, '20/05/2016 23:59:59', ' '),
(14, 11, '2013-05-13 23:59:59', '2013-10-01 00:00:01', '13/05/2013 23:59:59', '01/10/2013 00:00:01'),
(15, 9, '2013-05-13 23:59:59', NULL, '13/05/2013 23:59:59', ' '),
(16, 33, '2015-03-20 23:59:59', NULL, '20/03/2015 23:59:59', ' '),
(17, 25, '2014-05-16 23:59:59', '2015-08-19 00:00:01', '16/05/2014 23:59:59', '19/08/2015 00:00:01'),
(17, 67, '2017-05-09 23:59:59', NULL, '09/05/2017 23:59:59', ' '),
(18, 15, '2014-04-09 23:59:59', NULL, '09/04/2014 23:59:59', ' '),
(19, 19, '2014-04-23 23:59:59', '2015-09-05 00:00:01', '23/04/2014 23:59:59', '05/09/2015 00:00:01'),
(19, 60, '2017-04-18 23:59:59', NULL, '18/04/2017 23:59:59', ' '),
(20, 32, '2015-03-20 23:59:59', '2016-10-17 00:00:01', '20/03/2015 23:59:59', '17/10/2016 00:00:01'),
(21, 14, '2014-04-09 23:59:59', '2015-10-04 00:00:01', '09/04/2014 23:59:59', '04/10/2015 00:00:01'),
(21, 59, '2017-04-10 23:59:59', NULL, '10/04/2017 23:59:59', ' '),
(22, 34, '2015-04-24 23:59:59', NULL, '24/04/2015 23:59:59', ' '),
(23, 22, '2014-04-24 23:59:59', '2016-12-01 00:00:01', '24/04/2014 23:59:59', '01/12/2016 00:00:01'),
(24, 24, '2014-04-28 23:59:59', NULL, '28/04/2014 23:59:59', ' '),
(25, 21, '2014-04-23 23:59:59', '2015-02-26 00:00:01', '23/04/2014 23:59:59', '26/02/2015 00:00:01'),
(25, 49, '2016-04-15 23:59:59', NULL, '15/04/2016 23:59:59', ' '),
(26, 31, '2014-09-08 23:59:59', '2015-04-07 00:00:01', '08/09/2014 23:59:59', '07/04/2015 00:00:01'),
(26, 56, '2016-06-15 23:59:59', NULL, '15/06/2016 23:59:59', ' '),
(27, 27, '2014-05-23 23:59:59', '2016-03-01 00:00:01', '23/05/2014 23:59:59', '01/03/2016 00:00:01'),
(27, 66, '2017-05-17 23:59:59', NULL, '17/05/2017 23:59:59', ' '),
(28, 26, '2014-05-23 23:59:59', '2014-11-13 00:00:01', '23/05/2014 23:59:59', '13/11/2014 00:00:01'),
(28, 6, '2015-04-28 23:59:59', '2016-02-29 00:00:01', '28/04/2015 23:59:59', '29/02/2016 00:00:01'),
(28, 35, '2017-04-18 23:59:59', NULL, '18/04/2017 23:59:59', ' '),
(29, 17, '2014-04-10 23:59:59', '2014-09-12 00:00:01', '10/04/2014 23:59:59', '12/09/2014 00:00:01'),
(29, 40, '2015-05-05 23:59:59', '2017-02-20 00:00:01', '05/05/2015 23:59:59', '20/02/2017 00:00:01'),
(30, 28, '2014-06-11 23:59:59', '2014-12-24 00:00:01', '11/06/2014 23:59:59', '24/12/2014 00:00:01'),
(30, 35, '2015-04-28 23:59:59', '2017-04-18 00:00:01', '28/04/2015 23:59:59', '18/04/2017 00:00:01'),
(31, 42, '2015-05-16 23:59:59', '2016-11-11 00:00:01', '16/05/2015 23:59:59', '11/11/2016 00:00:01'),
(32, 57, '2017-03-30 23:59:59', NULL, '30/03/2017 23:59:59', ' '),
(33, 54, '2016-04-29 23:59:59', NULL, '29/04/2016 23:59:59', ' '),
(34, 41, '2015-05-16 23:59:59', '2016-11-29 00:00:01', '16/05/2015 23:59:59', '29/11/2016 00:00:01'),
(35, 50, '2016-05-04 23:59:59', NULL, '04/05/2016 23:59:59', ' '),
(36, 47, '2016-04-21 23:59:59', NULL, '21/04/2016 23:59:59', ' '),
(37, 4, '2016-04-20 23:59:59', NULL, '20/04/2016 23:59:59', ' '),
(38, 48, '2016-04-20 23:59:59', NULL, '20/04/2016 23:59:59', ' '),
(39, 37, '2015-05-10 23:59:59', '2016-09-14 00:00:01', '10/05/2015 23:59:59', '14/09/2016 00:00:01'),
(40, 43, '2015-05-16 23:59:59', '2015-12-07 00:00:01', '16/05/2015 23:59:59', '07/12/2015 00:00:01'),
(40, 68, '2017-05-24 23:59:59', NULL, '24/05/2017 23:59:59', ' '),
(41, 36, '2015-05-10 23:59:59', '2017-03-28 00:00:01', '10/05/2015 23:59:59', '28/03/2017 00:00:01'),
(42, 38, '2015-05-10 23:59:59', NULL, '10/05/2015 23:59:59', ' '),
(43, 44, '2015-05-30 23:59:59', '2016-05-21 00:00:01', '30/05/2015 23:59:59', '21/05/2016 00:00:01'),
(43, 36, '2017-03-28 23:59:59', NULL, '28/03/2017 23:59:59', ' '),
(44, 45, '2015-05-30 23:59:59', '2015-10-14 00:00:01', '30/05/2015 23:59:59', '14/10/2015 00:00:01'),
(45, 46, '2015-10-22 23:59:59', '2016-04-18 00:00:01', '22/10/2015 23:59:59', '18/04/2016 00:00:01'),
(45, 55, '2017-04-19 23:59:59', NULL, '19/04/2017 23:59:59', ' ');

-- --------------------------------------------------------

--
-- Structure de la table `devices`
--

CREATE TABLE `devices` (
  `id_device` int(11) NOT NULL,
  `ref_device` varchar(255) NOT NULL DEFAULT '',
  `id_device_type` int(11) DEFAULT NULL,
  `device_info` varchar(100) DEFAULT NULL
) ENGINE=InnoDB DEFAULT CHARSET=utf8;

--
-- Contenu de la table `devices`
--

INSERT INTO `devices` (`id_device`, `ref_device`, `id_device_type`, `device_info`) VALUES
(1, 'T5HS-4176', NULL, '148_425'),
(2, 'T5HS-4177', NULL, '148_500'),
(3, 'T5HS-4178', NULL, '148_560'),
(4, 'T5HS-4179', NULL, '148_600'),
(5, 'T5HS-4180', NULL, '148_650'),
(6, 'T5HS-4181', NULL, '148_700'),
(7, 'T5HS-4182', NULL, '148_750'),
(8, 'T5HS-4183', NULL, '148_800'),
(9, 'T5HS-4184', NULL, '148_850'),
(10, 'T5HS-4185', NULL, '148_900'),
(11, 'T5HS-4186', NULL, '149_100'),
(12, 'T5HS-4187', NULL, '149_200'),
(13, 'T5HS-4188', NULL, '149_300'),
(14, 'T5HS-4189', NULL, '149_400'),
(15, 'T5HS-4190', NULL, '149_500 '),
(16, 'T5HS-4267', NULL, '149_700'),
(17, 'T5HS-4268', NULL, '149_850'),
(18, 'T5HS-4269', NULL, '150_050'),
(19, 'T5HS-4270', NULL, '150_200'),
(20, 'T5HS-4271', NULL, '150_350'),
(21, 'T5HS-4272', NULL, '150_500'),
(22, 'T5HS-4273', NULL, '150_700'),
(23, 'T5HS-4274', NULL, '150_850'),
(24, 'T5HS-4275', NULL, '151_050'),
(25, 'T5HS-4276', NULL, '151_200'),
(26, 'T5HS-4277', NULL, '151_350'),
(27, 'T5HS-4278', NULL, '151_500'),
(28, 'T5HS-4279', NULL, '151_650'),
(29, 'T5HS-4280', NULL, '151_800'),
(30, 'T5HS-4281', NULL, '151_950'),
(31, 'T5HS-5179', NULL, '148_100'),
(32, 'T5HS-5180', NULL, '148_200'),
(33, 'T5HS-5181', NULL, '148_300'),
(34, 'T5HS-5182', NULL, '149_000'),
(35, 'T5HS-5183', NULL, '149_400'),
(36, 'T5HS-5184', NULL, '149_600'),
(37, 'T5HS-5185', NULL, '149_950'),
(38, 'T5HS-5186', NULL, '150_600'),
(39, 'T5HS-5187', NULL, '150_950'),
(40, 'T5HS-5188', NULL, '151_125'),
(41, 'T5HS-5189', NULL, '151_275'),
(42, 'T5HS-5190', NULL, '151_425'),
(43, 'T5HS-5191', NULL, '151_575'),
(44, 'T5HS-5192', NULL, '151_725'),
(45, 'T5HS-5193', NULL, '151_875');

-- --------------------------------------------------------

--
-- Structure de la table `gps_data`
--

CREATE TABLE `gps_data` (
  `id_gps_data` int(11) UNSIGNED NOT NULL,
  `ref_device` varchar(255) DEFAULT NULL,
  `latitude` varchar(255) NOT NULL,
  `longitude` varchar(255) NOT NULL,
  `temperature` varchar(6) NOT NULL,
  `nb_satellites` varchar(10) NOT NULL,
  `altitude` varchar(10) NOT NULL,
  `dateheure` date DEFAULT NULL
) ENGINE=InnoDB DEFAULT CHARSET=utf8;

--
-- Contenu de la table `gps_data`
--

INSERT INTO `gps_data` (`id_gps_data`, `ref_device`, `latitude`, `longitude`, `temperature`, `nb_satellites`, `altitude`, `dateheure`) VALUES
(7, 'T5HS-4180', '44,728170', '06,222020', '6', '5', '2492', '2017-11-01'),
(8, 'T5HS-4180', '44,731640', '06,221580', '6', '8', '2673', '2017-11-01'),
(9, 'T5HS-4180', '44,732650', '06,220170', '13', '6', '2580', '2017-11-01'),
(10, 'T5HS-4180', '44,727860', '06,218950', '4', '5', '2443', '2017-11-01'),
(11, 'T5HS-4180', '44,731660', '06,232040', '6', '3', '101', '2017-11-02'),
(12, 'T5HS-4180', '44,729700', '06,224430', '7', '9', '2580', '2017-11-02'),
(13, 'T5HS-4180', '44,731070', '06,225260', '7', '9', '2665', '2017-11-02'),
(14, 'T5HS-4180', '44,728820', '06,226160', '5', '7', '2507', '2017-11-02'),
(15, 'T5HS-4180', '44,728640', '06,225730', '6', '5', '2483', '2017-11-03'),
(16, 'T5HS-4180', '44,731090', '06,221940', '14', '7', '2690', '2017-11-03'),
(17, 'T5HS-4180', '44,739160', '06,214370', '10', '7', '2679', '2017-11-03'),
(18, 'T5HS-4180', '44,738270', '06,217760', '4', '7', '2641', '2017-11-03'),
(19, 'T5HS-4180', '44,736690', '06,219750', '2', '5', '2565', '2017-11-04'),
(20, 'T5HS-4180', '44,734970', '06,220860', '4', '5', '2631', '2017-11-04'),
(21, 'T5HS-4180', '44,729750', '06,224770', '1', '6', '2583', '2017-11-04'),
(22, 'T5HS-4180', '44,727970', '06,226570', '3', '4', '2395', '2017-11-04'),
(23, 'T5HS-4180', '44,728080', '06,226760', '5', '5', '2401', '2017-11-05'),
(24, 'T5HS-4180', '00,000000', '00,000000', '6', '0', '0', '2017-11-05'),
(25, 'T5HS-4180', '44,725650', '06,221900', '2', '7', '2307', '2017-11-05'),
(26, 'T5HS-4180', '44,725120', '06,221290', '1', '5', '2262', '2017-11-05'),
(27, 'T5HS-4180', '44,723610', '06,220940', '-2', '4', '2164', '2017-11-06'),
(28, 'T5HS-4180', '44,725350', '06,222450', '4', '7', '2248', '2017-11-06'),
(29, 'T5HS-4180', '44,725910', '06,222700', '13', '7', '2289', '2017-11-06'),
(30, 'T5HS-4180', '44,724590', '06,224180', '2', '4', '2177', '2017-11-06'),
(31, 'T5HS-4180', '44,724210', '06,221620', '3', '4', '2203', '2017-11-07'),
(32, 'T5HS-4180', '44,726950', '06,222380', '6', '8', '2402', '2017-11-07'),
(33, 'T5HS-4180', '44,727550', '06,221710', '19', '6', '2454', '2017-11-07'),
(34, 'T5HS-4180', '44,724270', '06,220920', '3', '8', '2189', '2017-11-07'),
(35, 'T5HS-4180', '44,723370', '06,221660', '2', '4', '2139', '2017-11-08'),
(36, 'T5HS-4180', '44,724770', '06,219820', '2', '7', '2222', '2017-11-08'),
(37, 'T5HS-4180', '44,724880', '06,219990', '1', '6', '2249', '2017-11-08'),
(38, 'T5HS-4180', '44,723610', '06,221010', '3', '7', '2135', '2017-11-08'),
(39, 'T5HS-4180', '44,723980', '06,221420', '4', '4', '2188', '2017-11-09'),
(40, 'T5HS-4180', '44,725360', '06,222620', '7', '9', '2253', '2017-11-09'),
(41, 'T5HS-4180', '44,725280', '06,221800', '4', '8', '2280', '2017-11-09'),
(42, 'T5HS-4180', '44,725350', '06,221210', '5', '7', '2282', '2017-11-09'),
(43, 'T5HS-4180', '44,725170', '06,221510', '3', '5', '2248', '2017-11-10'),
(44, 'T5HS-4180', '44,727000', '06,222310', '10', '9', '2403', '2017-11-10'),
(45, 'T5HS-4180', '44,724960', '06,219820', '7', '4', '2240', '2017-11-10'),
(46, 'T5HS-4180', '44,724170', '06,220290', '3', '8', '2178', '2017-11-10'),
(47, 'T5HS-4180', '44,724420', '06,220760', '1', '4', '2168', '2017-11-11'),
(48, 'T5HS-4180', '44,725920', '06,222640', '15', '7', '2308', '2017-11-11'),
(49, 'T5HS-4180', '44,726100', '06,223000', '7', '7', '2310', '2017-11-11'),
(50, 'T5HS-4180', '44,724700', '06,224390', '5', '6', '2191', '2017-11-11'),
(51, 'T5HS-4180', '44,724790', '06,223350', '5', '5', '2237', '2017-11-12'),
(52, 'T5HS-4180', '44,726780', '06,223320', '10', '5', '2360', '2017-11-12'),
(53, 'T5HS-4180', '44,726180', '06,221400', '3', '7', '2350', '2017-11-12'),
(54, 'T5HS-4180', '44,724780', '06,219850', '-4', '7', '2240', '2017-11-12'),
(55, 'T5HS-4180', '44,723470', '06,220680', '-3', '4', '2128', '2017-11-13'),
(56, 'T5HS-4180', '44,723130', '06,223120', '-4', '8', '2062', '2017-11-13'),
(57, 'T5HS-4180', '44,724880', '06,221560', '0', '7', '2228', '2017-11-13'),
(58, 'T5HS-4180', '44,723310', '06,220810', '-1', '7', '2101', '2017-11-13'),
(59, 'T5HS-4180', '44,723370', '06,220930', '0', '5', '2135', '2017-11-14'),
(60, 'T5HS-4180', '44,724090', '06,218330', '9', '8', '2174', '2017-11-14'),
(61, 'T5HS-4180', '44,724200', '06,217230', '14', '5', '2202', '2017-11-14'),
(62, 'T5HS-4180', '44,723280', '06,218590', '5', '7', '2114', '2017-11-14'),
(63, 'T5HS-4180', '44,723220', '06,219080', '5', '5', '2116', '2017-11-15'),
(64, 'T5HS-4180', '44,726140', '06,222630', '11', '8', '2329', '2017-11-15'),
(65, 'T5HS-4180', '44,726730', '06,221400', '10', '6', '2397', '2017-11-15'),
(66, 'T5HS-4180', '44,725080', '06,222570', '5', '7', '2234', '2017-11-15'),
(67, 'T5HS-4180', '44,725370', '06,222810', '4', '5', '2268', '2017-11-16'),
(68, 'T5HS-4180', '44,727320', '06,222530', '9', '8', '2420', '2017-11-16'),
(69, 'T5HS-4180', '44,727050', '06,221420', '12', '5', '2436', '2017-11-16'),
(70, 'T5HS-4180', '44,725970', '06,221440', '4', '7', '2343', '2017-11-16'),
(71, 'T5HS-4180', '44,726620', '06,222240', '5', '6', '2388', '2017-11-17'),
(72, 'T5HS-4180', '44,728130', '06,222020', '13', '9', '2506', '2017-11-17'),
(73, 'T5HS-4180', '44,729330', '06,223980', '12', '5', '2581', '2017-11-17'),
(74, 'T5HS-4180', '44,726540', '06,221730', '4', '7', '2383', '2017-11-17'),
(75, 'T5HS-4180', '44,726430', '06,222110', '3', '6', '2375', '2017-11-18'),
(76, 'T5HS-4180', '44,728040', '06,219880', '7', '9', '2512', '2017-11-18'),
(77, 'T5HS-4180', '44,730740', '06,219800', '8', '6', '2595', '2017-11-18'),
(78, 'T5HS-4180', '44,728850', '06,223050', '3', '6', '2547', '2017-11-18'),
(79, 'T5HS-4180', '44,728080', '06,222420', '3', '6', '2517', '2017-11-19'),
(80, 'T5HS-4180', '44,733090', '06,222120', '0', '6', '2722', '2017-11-19'),
(81, 'T5HS-4180', '44,730660', '06,223110', '9', '6', '2647', '2017-11-19'),
(82, 'T5HS-4180', '44,726160', '06,219470', '4', '6', '2396', '2017-11-19'),
(83, 'T5HS-4180', '44,731650', '06,212510', '2', '3', '101', '2017-11-20'),
(84, 'T5HS-4180', '44,728970', '06,219450', '11', '8', '2540', '2017-11-20'),
(85, 'T5HS-4180', '44,729850', '06,221440', '8', '7', '2614', '2017-11-20'),
(86, 'T5HS-4180', '44,727130', '06,220070', '4', '6', '2478', '2017-11-20'),
(87, 'T5HS-4180', '44,725800', '06,219790', '4', '7', '2357', '2017-11-21'),
(88, 'T5HS-4180', '44,730410', '06,220360', '11', '8', '2592', '2017-11-21'),
(89, 'T5HS-4180', '44,731560', '06,222320', '16', '6', '2746', '2017-11-21'),
(90, 'T5HS-4180', '44,727520', '06,220430', '3', '7', '2501', '2017-11-21'),
(91, 'T5HS-4180', '44,727170', '06,220070', '2', '8', '2477', '2017-11-22'),
(92, 'T5HS-4180', '44,728960', '06,221380', '10', '9', '2561', '2017-11-22'),
(93, 'T5HS-4180', '44,729240', '06,221730', '12', '6', '2594', '2017-11-22'),
(94, 'T5HS-4180', '44,725670', '06,219520', '3', '5', '2346', '2017-11-22'),
(95, 'T5HS-4180', '44,725210', '06,220010', '3', '7', '2272', '2017-11-23'),
(96, 'T5HS-4180', '44,729570', '06,224080', '10', '9', '2566', '2017-11-23'),
(97, 'T5HS-4180', '44,731880', '06,228250', '2', '4', '2447', '2017-11-23'),
(98, 'T5HS-4180', '44,730520', '06,229770', '7', '5', '2466', '2017-11-23'),
(99, 'T5HS-4180', '44,729510', '06,229090', '4', '6', '2471', '2017-11-24'),
(100, 'T5HS-4180', '44,730580', '06,227710', '5', '8', '2593', '2017-11-24'),
(101, 'T5HS-4180', '44,731900', '06,222180', '3', '6', '2741', '2017-11-24'),
(102, 'T5HS-4180', '44,728230', '06,219490', '2', '8', '2511', '2017-11-24'),
(103, 'T5HS-4180', '44,726700', '06,219590', '4', '8', '2445', '2017-11-25'),
(104, 'T5HS-4180', '44,726150', '06,219680', '0', '8', '2402', '2017-11-25'),
(105, 'T5HS-4180', '44,725490', '06,221900', '3', '6', '2276', '2017-11-25'),
(106, 'T5HS-4180', '44,724130', '06,221350', '-2', '7', '2175', '2017-11-25'),
(107, 'T5HS-4180', '44,723340', '06,220820', '-5', '8', '2109', '2017-11-26'),
(108, 'T5HS-4180', '44,725400', '06,222510', '2', '6', '2270', '2017-11-26'),
(109, 'T5HS-4180', '44,725860', '06,221560', '10', '6', '2317', '2017-11-26'),
(110, 'T5HS-4180', '44,724170', '06,220270', '-5', '5', '2178', '2017-11-26'),
(111, 'T5HS-4180', '44,724170', '06,220260', '-5', '8', '2166', '2017-11-27'),
(112, 'T5HS-4180', '44,724940', '06,221490', '6', '8', '2237', '2017-11-27'),
(113, 'T5HS-4180', '44,726140', '06,221170', '13', '7', '2342', '2017-11-27'),
(114, 'T5HS-4180', '44,722920', '06,220390', '0', '6', '2086', '2017-11-27'),
(115, 'T5HS-4180', '44,723340', '06,220800', '4', '7', '2106', '2017-11-28'),
(116, 'T5HS-4180', '44,725310', '06,223650', '6', '6', '2263', '2017-11-28'),
(117, 'T5HS-4180', '44,725870', '06,224710', '1', '7', '2251', '2017-11-28'),
(118, 'T5HS-4180', '44,722340', '06,225980', '-2', '5', '2087', '2017-11-28'),
(119, 'T5HS-4180', '44,722110', '06,226490', '-1', '5', '2080', '2017-11-29'),
(120, 'T5HS-4180', '44,722690', '06,225170', '-2', '7', '2126', '2017-11-29'),
(121, 'T5HS-4180', '44,735600', '06,239310', '-2', '3', '101', '2017-11-29'),
(122, 'T5HS-4180', '44,723590', '06,221000', '-3', '6', '2109', '2017-11-29'),
(123, 'T5HS-4180', '44,723560', '06,221100', '-4', '6', '2119', '2017-11-30'),
(124, 'T5HS-4180', '44,723640', '06,221790', '0', '8', '2125', '2017-11-30'),
(125, 'T5HS-4180', '44,725440', '06,224710', '3', '5', '2226', '2017-11-30'),
(126, 'T5HS-4180', '44,722290', '06,225670', '-7', '4', '2077', '2017-11-30'),
(127, 'T5HS-4180', '44,722030', '06,226530', '-4', '5', '2063', '2017-12-01'),
(128, 'T5HS-4180', '44,721870', '06,226380', '-5', '5', '2098', '2017-12-01'),
(129, 'T5HS-4180', '44,720960', '06,228450', '-4', '6', '1959', '2017-12-01'),
(130, 'T5HS-4180', '44,720840', '06,228770', '-4', '4', '1969', '2017-12-01'),
(131, 'T5HS-4180', '44,721800', '06,226610', '-6', '7', '2059', '2017-12-02'),
(132, 'T5HS-4180', '44,721770', '06,226530', '-2', '6', '2066', '2017-12-02'),
(133, 'T5HS-4180', '44,722300', '06,225520', '-3', '5', '2029', '2017-12-02'),
(134, 'T5HS-4180', '44,721430', '06,227930', '-2', '5', '2048', '2017-12-02'),
(135, 'T5HS-4180', '44,722040', '06,226560', '-2', '9', '2098', '2017-12-03'),
(136, 'T5HS-4180', '44,723000', '06,225470', '7', '7', '2138', '2017-12-03'),
(137, 'T5HS-4180', '44,724670', '06,224570', '5', '6', '2203', '2017-12-03'),
(138, 'T5HS-4180', '44,753340', '06,226300', '-1', '3', '96', '2017-12-03'),
(139, 'T5HS-4180', '44,724710', '06,225140', '-1', '4', '2240', '2017-12-04'),
(140, 'T5HS-4180', '44,725450', '06,222920', '7', '7', '2250', '2017-12-04'),
(141, 'T5HS-4180', '44,725450', '06,221770', '9', '7', '2285', '2017-12-04'),
(142, 'T5HS-4180', '44,724770', '06,219930', '2', '5', '2263', '2017-12-04'),
(143, 'T5HS-4180', '44,724870', '06,220190', '1', '8', '2247', '2017-12-05'),
(144, 'T5HS-4180', '44,726240', '06,222620', '12', '7', '2332', '2017-12-05'),
(145, 'T5HS-4180', '44,727570', '06,224390', '14', '8', '2435', '2017-12-05'),
(146, 'T5HS-4180', '44,724690', '06,225210', '3', '5', '2250', '2017-12-05'),
(147, 'T5HS-4180', '44,724770', '06,225300', '5', '6', '2243', '2017-12-06'),
(148, 'T5HS-4180', '44,724760', '06,226510', '6', '6', '2182', '2017-12-06'),
(149, 'T5HS-4180', '44,725180', '06,229470', '3', '4', '2036', '2017-12-06'),
(150, 'T5HS-4180', '44,725140', '06,230880', '5', '5', '1905', '2017-12-06'),
(151, 'T5HS-4180', '44,724470', '06,231690', '0', '7', '1962', '2017-12-07'),
(152, 'T5HS-4180', '44,724580', '06,231660', '7', '5', '1951', '2017-12-07'),
(153, 'T5HS-4180', '44,724770', '06,232210', '1', '4', '1879', '2017-12-07'),
(154, 'T5HS-4180', '44,724040', '06,232670', '1', '5', '1897', '2017-12-07'),
(155, 'T5HS-4180', '44,724860', '06,232670', '0', '6', '1850', '2017-12-08'),
(156, 'T5HS-4180', '44,724540', '06,232870', '3', '5', '1904', '2017-12-08'),
(157, 'T5HS-4180', '00,000000', '00,000000', '3', '0', '0', '2017-12-08'),
(158, 'T5HS-4180', '44,724710', '06,231760', '-1', '4', '1939', '2017-12-08'),
(159, 'T5HS-4180', '00,000000', '00,000000', '-3', '0', '0', '2017-12-09'),
(160, 'T5HS-4180', '44,726170', '06,233080', '-3', '8', '1915', '2017-12-09'),
(161, 'T5HS-4180', '44,727440', '06,234490', '-6', '5', '1970', '2017-12-09'),
(162, 'T5HS-4180', '44,727030', '06,234520', '-4', '6', '1938', '2017-12-09'),
(163, 'T5HS-4180', '44,720030', '06,221770', '0', '3', '101', '2017-12-10'),
(164, 'T5HS-4180', '44,727650', '06,234190', '0', '7', '2021', '2017-12-10'),
(165, 'T5HS-4180', '44,727660', '06,233950', '3', '5', '1994', '2017-12-10'),
(166, 'T5HS-4180', '44,727550', '06,233960', '2', '6', '2014', '2017-12-10'),
(167, 'T5HS-4180', '44,730410', '06,224460', '2', '3', '101', '2017-12-11'),
(168, 'T5HS-4180', '44,727370', '06,233860', '3', '5', '2043', '2017-12-11'),
(169, 'T5HS-4180', '44,728170', '06,222020', '6', '5', '2492', '2017-11-01'),
(170, 'T5HS-4180', '44,731640', '06,221580', '6', '8', '2673', '2017-11-01'),
(171, 'T5HS-4180', '44,732650', '06,220170', '13', '6', '2580', '2017-11-01'),
(172, 'T5HS-4180', '44,727860', '06,218950', '4', '5', '2443', '2017-11-01'),
(173, 'T5HS-4180', '44,731660', '06,232040', '6', '3', '101', '2017-11-02'),
(174, 'T5HS-4180', '44,729700', '06,224430', '7', '9', '2580', '2017-11-02'),
(175, 'T5HS-4180', '44,731070', '06,225260', '7', '9', '2665', '2017-11-02'),
(176, 'T5HS-4180', '44,728820', '06,226160', '5', '7', '2507', '2017-11-02'),
(177, 'T5HS-4180', '44,728640', '06,225730', '6', '5', '2483', '2017-11-03'),
(178, 'T5HS-4180', '44,731090', '06,221940', '14', '7', '2690', '2017-11-03'),
(179, 'T5HS-4180', '44,739160', '06,214370', '10', '7', '2679', '2017-11-03'),
(180, 'T5HS-4180', '44,738270', '06,217760', '4', '7', '2641', '2017-11-03'),
(181, 'T5HS-4180', '44,736690', '06,219750', '2', '5', '2565', '2017-11-04'),
(182, 'T5HS-4180', '44,734970', '06,220860', '4', '5', '2631', '2017-11-04'),
(183, 'T5HS-4180', '44,729750', '06,224770', '1', '6', '2583', '2017-11-04'),
(184, 'T5HS-4180', '44,727970', '06,226570', '3', '4', '2395', '2017-11-04'),
(185, 'T5HS-4180', '44,728080', '06,226760', '5', '5', '2401', '2017-11-05'),
(186, 'T5HS-4180', '00,000000', '00,000000', '6', '0', '0', '2017-11-05'),
(187, 'T5HS-4180', '44,725650', '06,221900', '2', '7', '2307', '2017-11-05'),
(188, 'T5HS-4180', '44,725120', '06,221290', '1', '5', '2262', '2017-11-05'),
(189, 'T5HS-4180', '44,723610', '06,220940', '-2', '4', '2164', '2017-11-06'),
(190, 'T5HS-4180', '44,725350', '06,222450', '4', '7', '2248', '2017-11-06'),
(191, 'T5HS-4180', '44,725910', '06,222700', '13', '7', '2289', '2017-11-06'),
(192, 'T5HS-4180', '44,724590', '06,224180', '2', '4', '2177', '2017-11-06'),
(193, 'T5HS-4180', '44,724210', '06,221620', '3', '4', '2203', '2017-11-07'),
(194, 'T5HS-4180', '44,726950', '06,222380', '6', '8', '2402', '2017-11-07'),
(195, 'T5HS-4180', '44,727550', '06,221710', '19', '6', '2454', '2017-11-07'),
(196, 'T5HS-4180', '44,724270', '06,220920', '3', '8', '2189', '2017-11-07'),
(197, 'T5HS-4180', '44,723370', '06,221660', '2', '4', '2139', '2017-11-08'),
(198, 'T5HS-4180', '44,724770', '06,219820', '2', '7', '2222', '2017-11-08'),
(199, 'T5HS-4180', '44,724880', '06,219990', '1', '6', '2249', '2017-11-08'),
(200, 'T5HS-4180', '44,723610', '06,221010', '3', '7', '2135', '2017-11-08'),
(201, 'T5HS-4180', '44,723980', '06,221420', '4', '4', '2188', '2017-11-09'),
(202, 'T5HS-4180', '44,725360', '06,222620', '7', '9', '2253', '2017-11-09'),
(203, 'T5HS-4180', '44,725280', '06,221800', '4', '8', '2280', '2017-11-09'),
(204, 'T5HS-4180', '44,725350', '06,221210', '5', '7', '2282', '2017-11-09'),
(205, 'T5HS-4180', '44,725170', '06,221510', '3', '5', '2248', '2017-11-10'),
(206, 'T5HS-4180', '44,727000', '06,222310', '10', '9', '2403', '2017-11-10'),
(207, 'T5HS-4180', '44,724960', '06,219820', '7', '4', '2240', '2017-11-10'),
(208, 'T5HS-4180', '44,724170', '06,220290', '3', '8', '2178', '2017-11-10'),
(209, 'T5HS-4180', '44,724420', '06,220760', '1', '4', '2168', '2017-11-11'),
(210, 'T5HS-4180', '44,725920', '06,222640', '15', '7', '2308', '2017-11-11'),
(211, 'T5HS-4180', '44,726100', '06,223000', '7', '7', '2310', '2017-11-11'),
(212, 'T5HS-4180', '44,724700', '06,224390', '5', '6', '2191', '2017-11-11'),
(213, 'T5HS-4180', '44,724790', '06,223350', '5', '5', '2237', '2017-11-12'),
(214, 'T5HS-4180', '44,726780', '06,223320', '10', '5', '2360', '2017-11-12'),
(215, 'T5HS-4180', '44,726180', '06,221400', '3', '7', '2350', '2017-11-12'),
(216, 'T5HS-4180', '44,724780', '06,219850', '-4', '7', '2240', '2017-11-12'),
(217, 'T5HS-4180', '44,723470', '06,220680', '-3', '4', '2128', '2017-11-13'),
(218, 'T5HS-4180', '44,723130', '06,223120', '-4', '8', '2062', '2017-11-13'),
(219, 'T5HS-4180', '44,724880', '06,221560', '0', '7', '2228', '2017-11-13'),
(220, 'T5HS-4180', '44,723310', '06,220810', '-1', '7', '2101', '2017-11-13'),
(221, 'T5HS-4180', '44,723370', '06,220930', '0', '5', '2135', '2017-11-14'),
(222, 'T5HS-4180', '44,724090', '06,218330', '9', '8', '2174', '2017-11-14'),
(223, 'T5HS-4180', '44,724200', '06,217230', '14', '5', '2202', '2017-11-14'),
(224, 'T5HS-4180', '44,723280', '06,218590', '5', '7', '2114', '2017-11-14'),
(225, 'T5HS-4180', '44,723220', '06,219080', '5', '5', '2116', '2017-11-15'),
(226, 'T5HS-4180', '44,726140', '06,222630', '11', '8', '2329', '2017-11-15'),
(227, 'T5HS-4180', '44,726730', '06,221400', '10', '6', '2397', '2017-11-15'),
(228, 'T5HS-4180', '44,725080', '06,222570', '5', '7', '2234', '2017-11-15'),
(229, 'T5HS-4180', '44,725370', '06,222810', '4', '5', '2268', '2017-11-16'),
(230, 'T5HS-4180', '44,727320', '06,222530', '9', '8', '2420', '2017-11-16'),
(231, 'T5HS-4180', '44,727050', '06,221420', '12', '5', '2436', '2017-11-16'),
(232, 'T5HS-4180', '44,725970', '06,221440', '4', '7', '2343', '2017-11-16'),
(233, 'T5HS-4180', '44,726620', '06,222240', '5', '6', '2388', '2017-11-17'),
(234, 'T5HS-4180', '44,728130', '06,222020', '13', '9', '2506', '2017-11-17'),
(235, 'T5HS-4180', '44,729330', '06,223980', '12', '5', '2581', '2017-11-17'),
(236, 'T5HS-4180', '44,726540', '06,221730', '4', '7', '2383', '2017-11-17'),
(237, 'T5HS-4180', '44,726430', '06,222110', '3', '6', '2375', '2017-11-18'),
(238, 'T5HS-4180', '44,728040', '06,219880', '7', '9', '2512', '2017-11-18'),
(239, 'T5HS-4180', '44,730740', '06,219800', '8', '6', '2595', '2017-11-18'),
(240, 'T5HS-4180', '44,728850', '06,223050', '3', '6', '2547', '2017-11-18'),
(241, 'T5HS-4180', '44,728080', '06,222420', '3', '6', '2517', '2017-11-19'),
(242, 'T5HS-4180', '44,733090', '06,222120', '0', '6', '2722', '2017-11-19'),
(243, 'T5HS-4180', '44,730660', '06,223110', '9', '6', '2647', '2017-11-19'),
(244, 'T5HS-4180', '44,726160', '06,219470', '4', '6', '2396', '2017-11-19'),
(245, 'T5HS-4180', '44,731650', '06,212510', '2', '3', '101', '2017-11-20'),
(246, 'T5HS-4180', '44,728970', '06,219450', '11', '8', '2540', '2017-11-20'),
(247, 'T5HS-4180', '44,729850', '06,221440', '8', '7', '2614', '2017-11-20'),
(248, 'T5HS-4180', '44,727130', '06,220070', '4', '6', '2478', '2017-11-20'),
(249, 'T5HS-4180', '44,725800', '06,219790', '4', '7', '2357', '2017-11-21'),
(250, 'T5HS-4180', '44,730410', '06,220360', '11', '8', '2592', '2017-11-21'),
(251, 'T5HS-4180', '44,731560', '06,222320', '16', '6', '2746', '2017-11-21'),
(252, 'T5HS-4180', '44,727520', '06,220430', '3', '7', '2501', '2017-11-21'),
(253, 'T5HS-4180', '44,727170', '06,220070', '2', '8', '2477', '2017-11-22'),
(254, 'T5HS-4180', '44,728960', '06,221380', '10', '9', '2561', '2017-11-22'),
(255, 'T5HS-4180', '44,729240', '06,221730', '12', '6', '2594', '2017-11-22'),
(256, 'T5HS-4180', '44,725670', '06,219520', '3', '5', '2346', '2017-11-22'),
(257, 'T5HS-4180', '44,725210', '06,220010', '3', '7', '2272', '2017-11-23'),
(258, 'T5HS-4180', '44,729570', '06,224080', '10', '9', '2566', '2017-11-23'),
(259, 'T5HS-4180', '44,731880', '06,228250', '2', '4', '2447', '2017-11-23'),
(260, 'T5HS-4180', '44,730520', '06,229770', '7', '5', '2466', '2017-11-23'),
(261, 'T5HS-4180', '44,729510', '06,229090', '4', '6', '2471', '2017-11-24'),
(262, 'T5HS-4180', '44,730580', '06,227710', '5', '8', '2593', '2017-11-24'),
(263, 'T5HS-4180', '44,731900', '06,222180', '3', '6', '2741', '2017-11-24'),
(264, 'T5HS-4180', '44,728230', '06,219490', '2', '8', '2511', '2017-11-24'),
(265, 'T5HS-4180', '44,726700', '06,219590', '4', '8', '2445', '2017-11-25'),
(266, 'T5HS-4180', '44,726150', '06,219680', '0', '8', '2402', '2017-11-25'),
(267, 'T5HS-4180', '44,725490', '06,221900', '3', '6', '2276', '2017-11-25'),
(268, 'T5HS-4180', '44,724130', '06,221350', '-2', '7', '2175', '2017-11-25'),
(269, 'T5HS-4180', '44,723340', '06,220820', '-5', '8', '2109', '2017-11-26'),
(270, 'T5HS-4180', '44,725400', '06,222510', '2', '6', '2270', '2017-11-26'),
(271, 'T5HS-4180', '44,725860', '06,221560', '10', '6', '2317', '2017-11-26'),
(272, 'T5HS-4180', '44,724170', '06,220270', '-5', '5', '2178', '2017-11-26'),
(273, 'T5HS-4180', '44,724170', '06,220260', '-5', '8', '2166', '2017-11-27'),
(274, 'T5HS-4180', '44,724940', '06,221490', '6', '8', '2237', '2017-11-27'),
(275, 'T5HS-4180', '44,726140', '06,221170', '13', '7', '2342', '2017-11-27'),
(276, 'T5HS-4180', '44,722920', '06,220390', '0', '6', '2086', '2017-11-27'),
(277, 'T5HS-4180', '44,723340', '06,220800', '4', '7', '2106', '2017-11-28'),
(278, 'T5HS-4180', '44,725310', '06,223650', '6', '6', '2263', '2017-11-28'),
(279, 'T5HS-4180', '44,725870', '06,224710', '1', '7', '2251', '2017-11-28'),
(280, 'T5HS-4180', '44,722340', '06,225980', '-2', '5', '2087', '2017-11-28'),
(281, 'T5HS-4180', '44,722110', '06,226490', '-1', '5', '2080', '2017-11-29'),
(282, 'T5HS-4180', '44,722690', '06,225170', '-2', '7', '2126', '2017-11-29'),
(283, 'T5HS-4180', '44,735600', '06,239310', '-2', '3', '101', '2017-11-29'),
(284, 'T5HS-4180', '44,723590', '06,221000', '-3', '6', '2109', '2017-11-29'),
(285, 'T5HS-4180', '44,723560', '06,221100', '-4', '6', '2119', '2017-11-30'),
(286, 'T5HS-4180', '44,723640', '06,221790', '0', '8', '2125', '2017-11-30'),
(287, 'T5HS-4180', '44,725440', '06,224710', '3', '5', '2226', '2017-11-30'),
(288, 'T5HS-4180', '44,722290', '06,225670', '-7', '4', '2077', '2017-11-30'),
(289, 'T5HS-4180', '44,722030', '06,226530', '-4', '5', '2063', '2017-12-01'),
(290, 'T5HS-4180', '44,721870', '06,226380', '-5', '5', '2098', '2017-12-01'),
(291, 'T5HS-4180', '44,720960', '06,228450', '-4', '6', '1959', '2017-12-01'),
(292, 'T5HS-4180', '44,720840', '06,228770', '-4', '4', '1969', '2017-12-01'),
(293, 'T5HS-4180', '44,721800', '06,226610', '-6', '7', '2059', '2017-12-02'),
(294, 'T5HS-4180', '44,721770', '06,226530', '-2', '6', '2066', '2017-12-02'),
(295, 'T5HS-4180', '44,722300', '06,225520', '-3', '5', '2029', '2017-12-02'),
(296, 'T5HS-4180', '44,721430', '06,227930', '-2', '5', '2048', '2017-12-02'),
(297, 'T5HS-4180', '44,722040', '06,226560', '-2', '9', '2098', '2017-12-03'),
(298, 'T5HS-4180', '44,723000', '06,225470', '7', '7', '2138', '2017-12-03'),
(299, 'T5HS-4180', '44,724670', '06,224570', '5', '6', '2203', '2017-12-03'),
(300, 'T5HS-4180', '44,753340', '06,226300', '-1', '3', '96', '2017-12-03'),
(301, 'T5HS-4180', '44,724710', '06,225140', '-1', '4', '2240', '2017-12-04'),
(302, 'T5HS-4180', '44,725450', '06,222920', '7', '7', '2250', '2017-12-04'),
(303, 'T5HS-4180', '44,725450', '06,221770', '9', '7', '2285', '2017-12-04'),
(304, 'T5HS-4180', '44,724770', '06,219930', '2', '5', '2263', '2017-12-04'),
(305, 'T5HS-4180', '44,724870', '06,220190', '1', '8', '2247', '2017-12-05'),
(306, 'T5HS-4180', '44,726240', '06,222620', '12', '7', '2332', '2017-12-05'),
(307, 'T5HS-4180', '44,727570', '06,224390', '14', '8', '2435', '2017-12-05'),
(308, 'T5HS-4180', '44,724690', '06,225210', '3', '5', '2250', '2017-12-05'),
(309, 'T5HS-4180', '44,724770', '06,225300', '5', '6', '2243', '2017-12-06'),
(310, 'T5HS-4180', '44,724760', '06,226510', '6', '6', '2182', '2017-12-06'),
(311, 'T5HS-4180', '44,725180', '06,229470', '3', '4', '2036', '2017-12-06'),
(312, 'T5HS-4180', '44,725140', '06,230880', '5', '5', '1905', '2017-12-06'),
(313, 'T5HS-4180', '44,724470', '06,231690', '0', '7', '1962', '2017-12-07'),
(314, 'T5HS-4180', '44,724580', '06,231660', '7', '5', '1951', '2017-12-07'),
(315, 'T5HS-4180', '44,724770', '06,232210', '1', '4', '1879', '2017-12-07'),
(316, 'T5HS-4180', '44,724040', '06,232670', '1', '5', '1897', '2017-12-07'),
(317, 'T5HS-4180', '44,724860', '06,232670', '0', '6', '1850', '2017-12-08'),
(318, 'T5HS-4180', '44,724540', '06,232870', '3', '5', '1904', '2017-12-08'),
(319, 'T5HS-4180', '00,000000', '00,000000', '3', '0', '0', '2017-12-08'),
(320, 'T5HS-4180', '44,724710', '06,231760', '-1', '4', '1939', '2017-12-08'),
(321, 'T5HS-4180', '00,000000', '00,000000', '-3', '0', '0', '2017-12-09'),
(322, 'T5HS-4180', '44,726170', '06,233080', '-3', '8', '1915', '2017-12-09'),
(323, 'T5HS-4180', '44,727440', '06,234490', '-6', '5', '1970', '2017-12-09'),
(324, 'T5HS-4180', '44,727030', '06,234520', '-4', '6', '1938', '2017-12-09'),
(325, 'T5HS-4180', '44,720030', '06,221770', '0', '3', '101', '2017-12-10'),
(326, 'T5HS-4180', '44,727650', '06,234190', '0', '7', '2021', '2017-12-10'),
(327, 'T5HS-4180', '44,727660', '06,233950', '3', '5', '1994', '2017-12-10'),
(328, 'T5HS-4180', '44,727550', '06,233960', '2', '6', '2014', '2017-12-10'),
(329, 'T5HS-4180', '44,730410', '06,224460', '2', '3', '101', '2017-12-11'),
(330, 'T5HS-4180', '44,727370', '06,233860', '3', '5', '2043', '2017-12-11'),
(331, 'T5HS-4180', '44,728170', '06,222020', '6', '5', '2492', '2017-11-01'),
(332, 'T5HS-4180', '44,731640', '06,221580', '6', '8', '2673', '2017-11-01'),
(333, 'T5HS-4180', '44,732650', '06,220170', '13', '6', '2580', '2017-11-01'),
(334, 'T5HS-4180', '44,727860', '06,218950', '4', '5', '2443', '2017-11-01'),
(335, 'T5HS-4180', '44,731660', '06,232040', '6', '3', '101', '2017-11-02'),
(336, 'T5HS-4180', '44,729700', '06,224430', '7', '9', '2580', '2017-11-02'),
(337, 'T5HS-4180', '44,731070', '06,225260', '7', '9', '2665', '2017-11-02'),
(338, 'T5HS-4180', '44,728820', '06,226160', '5', '7', '2507', '2017-11-02'),
(339, 'T5HS-4180', '44,728640', '06,225730', '6', '5', '2483', '2017-11-03'),
(340, 'T5HS-4180', '44,731090', '06,221940', '14', '7', '2690', '2017-11-03'),
(341, 'T5HS-4180', '44,739160', '06,214370', '10', '7', '2679', '2017-11-03'),
(342, 'T5HS-4180', '44,738270', '06,217760', '4', '7', '2641', '2017-11-03'),
(343, 'T5HS-4180', '44,736690', '06,219750', '2', '5', '2565', '2017-11-04'),
(344, 'T5HS-4180', '44,734970', '06,220860', '4', '5', '2631', '2017-11-04'),
(345, 'T5HS-4180', '44,729750', '06,224770', '1', '6', '2583', '2017-11-04'),
(346, 'T5HS-4180', '44,727970', '06,226570', '3', '4', '2395', '2017-11-04'),
(347, 'T5HS-4180', '44,728080', '06,226760', '5', '5', '2401', '2017-11-05'),
(348, 'T5HS-4180', '00,000000', '00,000000', '6', '0', '0', '2017-11-05'),
(349, 'T5HS-4180', '44,725650', '06,221900', '2', '7', '2307', '2017-11-05'),
(350, 'T5HS-4180', '44,725120', '06,221290', '1', '5', '2262', '2017-11-05'),
(351, 'T5HS-4180', '44,723610', '06,220940', '-2', '4', '2164', '2017-11-06'),
(352, 'T5HS-4180', '44,725350', '06,222450', '4', '7', '2248', '2017-11-06'),
(353, 'T5HS-4180', '44,725910', '06,222700', '13', '7', '2289', '2017-11-06'),
(354, 'T5HS-4180', '44,724590', '06,224180', '2', '4', '2177', '2017-11-06'),
(355, 'T5HS-4180', '44,724210', '06,221620', '3', '4', '2203', '2017-11-07'),
(356, 'T5HS-4180', '44,726950', '06,222380', '6', '8', '2402', '2017-11-07'),
(357, 'T5HS-4180', '44,727550', '06,221710', '19', '6', '2454', '2017-11-07'),
(358, 'T5HS-4180', '44,724270', '06,220920', '3', '8', '2189', '2017-11-07'),
(359, 'T5HS-4180', '44,723370', '06,221660', '2', '4', '2139', '2017-11-08'),
(360, 'T5HS-4180', '44,724770', '06,219820', '2', '7', '2222', '2017-11-08'),
(361, 'T5HS-4180', '44,724880', '06,219990', '1', '6', '2249', '2017-11-08'),
(362, 'T5HS-4180', '44,723610', '06,221010', '3', '7', '2135', '2017-11-08'),
(363, 'T5HS-4180', '44,723980', '06,221420', '4', '4', '2188', '2017-11-09'),
(364, 'T5HS-4180', '44,725360', '06,222620', '7', '9', '2253', '2017-11-09'),
(365, 'T5HS-4180', '44,725280', '06,221800', '4', '8', '2280', '2017-11-09'),
(366, 'T5HS-4180', '44,725350', '06,221210', '5', '7', '2282', '2017-11-09'),
(367, 'T5HS-4180', '44,725170', '06,221510', '3', '5', '2248', '2017-11-10'),
(368, 'T5HS-4180', '44,727000', '06,222310', '10', '9', '2403', '2017-11-10'),
(369, 'T5HS-4180', '44,724960', '06,219820', '7', '4', '2240', '2017-11-10'),
(370, 'T5HS-4180', '44,724170', '06,220290', '3', '8', '2178', '2017-11-10'),
(371, 'T5HS-4180', '44,724420', '06,220760', '1', '4', '2168', '2017-11-11'),
(372, 'T5HS-4180', '44,725920', '06,222640', '15', '7', '2308', '2017-11-11'),
(373, 'T5HS-4180', '44,726100', '06,223000', '7', '7', '2310', '2017-11-11'),
(374, 'T5HS-4180', '44,724700', '06,224390', '5', '6', '2191', '2017-11-11'),
(375, 'T5HS-4180', '44,724790', '06,223350', '5', '5', '2237', '2017-11-12'),
(376, 'T5HS-4180', '44,726780', '06,223320', '10', '5', '2360', '2017-11-12'),
(377, 'T5HS-4180', '44,726180', '06,221400', '3', '7', '2350', '2017-11-12'),
(378, 'T5HS-4180', '44,724780', '06,219850', '-4', '7', '2240', '2017-11-12'),
(379, 'T5HS-4180', '44,723470', '06,220680', '-3', '4', '2128', '2017-11-13'),
(380, 'T5HS-4180', '44,723130', '06,223120', '-4', '8', '2062', '2017-11-13'),
(381, 'T5HS-4180', '44,724880', '06,221560', '0', '7', '2228', '2017-11-13'),
(382, 'T5HS-4180', '44,723310', '06,220810', '-1', '7', '2101', '2017-11-13'),
(383, 'T5HS-4180', '44,723370', '06,220930', '0', '5', '2135', '2017-11-14'),
(384, 'T5HS-4180', '44,724090', '06,218330', '9', '8', '2174', '2017-11-14'),
(385, 'T5HS-4180', '44,724200', '06,217230', '14', '5', '2202', '2017-11-14'),
(386, 'T5HS-4180', '44,723280', '06,218590', '5', '7', '2114', '2017-11-14'),
(387, 'T5HS-4180', '44,723220', '06,219080', '5', '5', '2116', '2017-11-15'),
(388, 'T5HS-4180', '44,726140', '06,222630', '11', '8', '2329', '2017-11-15'),
(389, 'T5HS-4180', '44,726730', '06,221400', '10', '6', '2397', '2017-11-15'),
(390, 'T5HS-4180', '44,725080', '06,222570', '5', '7', '2234', '2017-11-15'),
(391, 'T5HS-4180', '44,725370', '06,222810', '4', '5', '2268', '2017-11-16'),
(392, 'T5HS-4180', '44,727320', '06,222530', '9', '8', '2420', '2017-11-16'),
(393, 'T5HS-4180', '44,727050', '06,221420', '12', '5', '2436', '2017-11-16'),
(394, 'T5HS-4180', '44,725970', '06,221440', '4', '7', '2343', '2017-11-16'),
(395, 'T5HS-4180', '44,726620', '06,222240', '5', '6', '2388', '2017-11-17'),
(396, 'T5HS-4180', '44,728130', '06,222020', '13', '9', '2506', '2017-11-17'),
(397, 'T5HS-4180', '44,729330', '06,223980', '12', '5', '2581', '2017-11-17'),
(398, 'T5HS-4180', '44,726540', '06,221730', '4', '7', '2383', '2017-11-17'),
(399, 'T5HS-4180', '44,726430', '06,222110', '3', '6', '2375', '2017-11-18'),
(400, 'T5HS-4180', '44,728040', '06,219880', '7', '9', '2512', '2017-11-18'),
(401, 'T5HS-4180', '44,730740', '06,219800', '8', '6', '2595', '2017-11-18'),
(402, 'T5HS-4180', '44,728850', '06,223050', '3', '6', '2547', '2017-11-18'),
(403, 'T5HS-4180', '44,728080', '06,222420', '3', '6', '2517', '2017-11-19'),
(404, 'T5HS-4180', '44,733090', '06,222120', '0', '6', '2722', '2017-11-19'),
(405, 'T5HS-4180', '44,730660', '06,223110', '9', '6', '2647', '2017-11-19'),
(406, 'T5HS-4180', '44,726160', '06,219470', '4', '6', '2396', '2017-11-19'),
(407, 'T5HS-4180', '44,731650', '06,212510', '2', '3', '101', '2017-11-20'),
(408, 'T5HS-4180', '44,728970', '06,219450', '11', '8', '2540', '2017-11-20'),
(409, 'T5HS-4180', '44,729850', '06,221440', '8', '7', '2614', '2017-11-20'),
(410, 'T5HS-4180', '44,727130', '06,220070', '4', '6', '2478', '2017-11-20'),
(411, 'T5HS-4180', '44,725800', '06,219790', '4', '7', '2357', '2017-11-21'),
(412, 'T5HS-4180', '44,730410', '06,220360', '11', '8', '2592', '2017-11-21'),
(413, 'T5HS-4180', '44,731560', '06,222320', '16', '6', '2746', '2017-11-21'),
(414, 'T5HS-4180', '44,727520', '06,220430', '3', '7', '2501', '2017-11-21'),
(415, 'T5HS-4180', '44,727170', '06,220070', '2', '8', '2477', '2017-11-22'),
(416, 'T5HS-4180', '44,728960', '06,221380', '10', '9', '2561', '2017-11-22'),
(417, 'T5HS-4180', '44,729240', '06,221730', '12', '6', '2594', '2017-11-22'),
(418, 'T5HS-4180', '44,725670', '06,219520', '3', '5', '2346', '2017-11-22'),
(419, 'T5HS-4180', '44,725210', '06,220010', '3', '7', '2272', '2017-11-23'),
(420, 'T5HS-4180', '44,729570', '06,224080', '10', '9', '2566', '2017-11-23'),
(421, 'T5HS-4180', '44,731880', '06,228250', '2', '4', '2447', '2017-11-23'),
(422, 'T5HS-4180', '44,730520', '06,229770', '7', '5', '2466', '2017-11-23'),
(423, 'T5HS-4180', '44,729510', '06,229090', '4', '6', '2471', '2017-11-24'),
(424, 'T5HS-4180', '44,730580', '06,227710', '5', '8', '2593', '2017-11-24'),
(425, 'T5HS-4180', '44,731900', '06,222180', '3', '6', '2741', '2017-11-24'),
(426, 'T5HS-4180', '44,728230', '06,219490', '2', '8', '2511', '2017-11-24'),
(427, 'T5HS-4180', '44,726700', '06,219590', '4', '8', '2445', '2017-11-25'),
(428, 'T5HS-4180', '44,726150', '06,219680', '0', '8', '2402', '2017-11-25'),
(429, 'T5HS-4180', '44,725490', '06,221900', '3', '6', '2276', '2017-11-25'),
(430, 'T5HS-4180', '44,724130', '06,221350', '-2', '7', '2175', '2017-11-25'),
(431, 'T5HS-4180', '44,723340', '06,220820', '-5', '8', '2109', '2017-11-26'),
(432, 'T5HS-4180', '44,725400', '06,222510', '2', '6', '2270', '2017-11-26'),
(433, 'T5HS-4180', '44,725860', '06,221560', '10', '6', '2317', '2017-11-26'),
(434, 'T5HS-4180', '44,724170', '06,220270', '-5', '5', '2178', '2017-11-26'),
(435, 'T5HS-4180', '44,724170', '06,220260', '-5', '8', '2166', '2017-11-27'),
(436, 'T5HS-4180', '44,724940', '06,221490', '6', '8', '2237', '2017-11-27'),
(437, 'T5HS-4180', '44,726140', '06,221170', '13', '7', '2342', '2017-11-27'),
(438, 'T5HS-4180', '44,722920', '06,220390', '0', '6', '2086', '2017-11-27'),
(439, 'T5HS-4180', '44,723340', '06,220800', '4', '7', '2106', '2017-11-28'),
(440, 'T5HS-4180', '44,725310', '06,223650', '6', '6', '2263', '2017-11-28'),
(441, 'T5HS-4180', '44,725870', '06,224710', '1', '7', '2251', '2017-11-28'),
(442, 'T5HS-4180', '44,722340', '06,225980', '-2', '5', '2087', '2017-11-28'),
(443, 'T5HS-4180', '44,722110', '06,226490', '-1', '5', '2080', '2017-11-29'),
(444, 'T5HS-4180', '44,722690', '06,225170', '-2', '7', '2126', '2017-11-29'),
(445, 'T5HS-4180', '44,735600', '06,239310', '-2', '3', '101', '2017-11-29'),
(446, 'T5HS-4180', '44,723590', '06,221000', '-3', '6', '2109', '2017-11-29'),
(447, 'T5HS-4180', '44,723560', '06,221100', '-4', '6', '2119', '2017-11-30'),
(448, 'T5HS-4180', '44,723640', '06,221790', '0', '8', '2125', '2017-11-30'),
(449, 'T5HS-4180', '44,725440', '06,224710', '3', '5', '2226', '2017-11-30'),
(450, 'T5HS-4180', '44,722290', '06,225670', '-7', '4', '2077', '2017-11-30'),
(451, 'T5HS-4180', '44,722030', '06,226530', '-4', '5', '2063', '2017-12-01'),
(452, 'T5HS-4180', '44,721870', '06,226380', '-5', '5', '2098', '2017-12-01'),
(453, 'T5HS-4180', '44,720960', '06,228450', '-4', '6', '1959', '2017-12-01'),
(454, 'T5HS-4180', '44,720840', '06,228770', '-4', '4', '1969', '2017-12-01'),
(455, 'T5HS-4180', '44,721800', '06,226610', '-6', '7', '2059', '2017-12-02'),
(456, 'T5HS-4180', '44,721770', '06,226530', '-2', '6', '2066', '2017-12-02'),
(457, 'T5HS-4180', '44,722300', '06,225520', '-3', '5', '2029', '2017-12-02'),
(458, 'T5HS-4180', '44,721430', '06,227930', '-2', '5', '2048', '2017-12-02'),
(459, 'T5HS-4180', '44,722040', '06,226560', '-2', '9', '2098', '2017-12-03'),
(460, 'T5HS-4180', '44,723000', '06,225470', '7', '7', '2138', '2017-12-03'),
(461, 'T5HS-4180', '44,724670', '06,224570', '5', '6', '2203', '2017-12-03'),
(462, 'T5HS-4180', '44,753340', '06,226300', '-1', '3', '96', '2017-12-03'),
(463, 'T5HS-4180', '44,724710', '06,225140', '-1', '4', '2240', '2017-12-04'),
(464, 'T5HS-4180', '44,725450', '06,222920', '7', '7', '2250', '2017-12-04'),
(465, 'T5HS-4180', '44,725450', '06,221770', '9', '7', '2285', '2017-12-04'),
(466, 'T5HS-4180', '44,724770', '06,219930', '2', '5', '2263', '2017-12-04'),
(467, 'T5HS-4180', '44,724870', '06,220190', '1', '8', '2247', '2017-12-05'),
(468, 'T5HS-4180', '44,726240', '06,222620', '12', '7', '2332', '2017-12-05'),
(469, 'T5HS-4180', '44,727570', '06,224390', '14', '8', '2435', '2017-12-05'),
(470, 'T5HS-4180', '44,724690', '06,225210', '3', '5', '2250', '2017-12-05'),
(471, 'T5HS-4180', '44,724770', '06,225300', '5', '6', '2243', '2017-12-06'),
(472, 'T5HS-4180', '44,724760', '06,226510', '6', '6', '2182', '2017-12-06'),
(473, 'T5HS-4180', '44,725180', '06,229470', '3', '4', '2036', '2017-12-06'),
(474, 'T5HS-4180', '44,725140', '06,230880', '5', '5', '1905', '2017-12-06'),
(475, 'T5HS-4180', '44,724470', '06,231690', '0', '7', '1962', '2017-12-07'),
(476, 'T5HS-4180', '44,724580', '06,231660', '7', '5', '1951', '2017-12-07'),
(477, 'T5HS-4180', '44,724770', '06,232210', '1', '4', '1879', '2017-12-07'),
(478, 'T5HS-4180', '44,724040', '06,232670', '1', '5', '1897', '2017-12-07'),
(479, 'T5HS-4180', '44,724860', '06,232670', '0', '6', '1850', '2017-12-08'),
(480, 'T5HS-4180', '44,724540', '06,232870', '3', '5', '1904', '2017-12-08'),
(481, 'T5HS-4180', '00,000000', '00,000000', '3', '0', '0', '2017-12-08'),
(482, 'T5HS-4180', '44,724710', '06,231760', '-1', '4', '1939', '2017-12-08'),
(483, 'T5HS-4180', '00,000000', '00,000000', '-3', '0', '0', '2017-12-09'),
(484, 'T5HS-4180', '44,726170', '06,233080', '-3', '8', '1915', '2017-12-09'),
(485, 'T5HS-4180', '44,727440', '06,234490', '-6', '5', '1970', '2017-12-09'),
(486, 'T5HS-4180', '44,727030', '06,234520', '-4', '6', '1938', '2017-12-09'),
(487, 'T5HS-4180', '44,720030', '06,221770', '0', '3', '101', '2017-12-10'),
(488, 'T5HS-4180', '44,727650', '06,234190', '0', '7', '2021', '2017-12-10'),
(489, 'T5HS-4180', '44,727660', '06,233950', '3', '5', '1994', '2017-12-10'),
(490, 'T5HS-4180', '44,727550', '06,233960', '2', '6', '2014', '2017-12-10'),
(491, 'T5HS-4180', '44,730410', '06,224460', '2', '3', '101', '2017-12-11'),
(492, 'T5HS-4180', '44,727370', '06,233860', '3', '5', '2043', '2017-12-11'),
(493, 'T5HS-4180', '44,741120', '06,238290', '', '', '', '2017-12-11'),
(494, 'T5HS-4180', '44,741140', '06,238320', '3', '3', '101', '2017-12-11');

-- --------------------------------------------------------

--
-- Structure de la table `lib_devices_types`
--

CREATE TABLE `lib_devices_types` (
  `id_device_type` int(11) NOT NULL,
  `type_device` varchar(255) NOT NULL
) ENGINE=InnoDB DEFAULT CHARSET=utf8;

-- --------------------------------------------------------

--
-- Structure de la table `tmp_cor_ad`
--

CREATE TABLE `tmp_cor_ad` (
  `animal_name` varchar(200) NOT NULL,
  `ref_device` varchar(200) NOT NULL,
  `date_debut` varchar(200) NOT NULL,
  `date_fin` varchar(200) NOT NULL,
  `heure_debut` varchar(200) NOT NULL,
  `heure_fin` varchar(200) NOT NULL,
  `cor_info` varchar(255) NOT NULL,
  `id_device` int(11) NOT NULL,
  `id_animal` int(11) NOT NULL
) ENGINE=InnoDB DEFAULT CHARSET=utf8;

--
-- Contenu de la table `tmp_cor_ad`
--

INSERT INTO `tmp_cor_ad` (`animal_name`, `ref_device`, `date_debut`, `date_fin`, `heure_debut`, `heure_fin`, `cor_info`, `id_device`, `id_animal`) VALUES
('anse_ani_id', 'anse_sens_id', 'anse_date_begin', 'anse_date_end', 'anse_time_begin', 'anse_time_end', 'anse_remark', 0, 0),
('hachka', 'T5HS-4176', '18/04/2013', '10/04/2015', '23:59:59', '00:00:01', 'ouverture uhf', 0, 0),
('champsaur', 'T5HS-4176', '15/06/2016', '26/09/2016', '23:59:59', '00:00:01', 'récupération collier par capture', 0, 0),
('fleur', 'T5HS-4177', '18/04/2013', '13/03/2015', '23:59:59', '00:00:01', 'ouverture uhf', 0, 0),
('tikka', 'T5HS-4178', '09/04/2014', '15/01/2016', '23:59:59', '00:00:01', 'ouverture satellite', 0, 0),
('electron', 'T5HS-4178', '13/04/2017', '', '23:59:59', '', '', 0, 0),
('bambinette', 'T5HS-4179', '18/04/2013', '26/10/2015', '23:59:59', '00:00:01', 'ouverture uhf', 0, 0),
('mirko', 'T5HS-4179', '19/04/2017', '', '23:59:59', '', '', 0, 0),
('plume', 'T5HS-4180', '08/04/2014', '27/02/2016', '23:59:59', '00:00:01', 'ouverture satellite', 0, 0),
('nala', 'T5HS-4180', '18/04/2017', '', '23:59:59', '', '', 0, 0),
('clochette', 'T5HS-4181', '13/05/2013', '28/06/2015', '23:59:59', '00:00:01', 'ouverture satellite', 0, 0),
('brice', 'T5HS-4181', '24/05/2017', '', '23:59:59', '', '', 0, 0),
('cornella', 'T5HS-4182', '13/05/2013', '08/10/2013', '23:59:59', '00:00:01', 'ouverture uhf', 0, 0),
('suede', 'T5HS-4182', '23/04/2014', '27/03/2016', '23:59:59', '00:00:01', 'ouverture satellite', 0, 0),
('rodeo', 'T5HS-4182', '11/04/2017', '28/04/2017', '23:59:59', '00:00:01', 'mort', 0, 0),
('diego', 'T5HS-4183', '14/05/2013', '23/03/2014', '23:59:59', '00:00:01', 'mort ', 0, 0),
('kiki', 'T5HS-4183', '31/07/2014', '20/07/2015', '23:59:59', '00:00:01', 'ouverture uhf', 0, 0),
('baptiste', 'T5HS-4183', '04/05/2016', '', '23:59:59', '', '', 0, 0),
('rissole', 'T5HS-4184', '13/05/2013', '24/02/2015', '23:59:59', '00:00:01', 'mort ', 0, 0),
('lamiral', 'T5HS-4184', '19/05/2016', '04/08/2016', '23:59:59', '00:00:01', 'mort ', 0, 0),
('serge', 'T5HS-4184', '13/04/2017', '', '23:59:59', '', '', 0, 0),
('pocoyo', 'T5HS-4185', '18/04/2013', '07/05/2014', '23:59:59', '00:00:01', 'ouverture drop off spontanée', 0, 0),
('titin', 'T5HS-4185', '01/08/2014', '20/07/2015', '23:59:59', '00:00:01', 'ouverture uhf', 0, 0),
('bluemoon', 'T5HS-4185', '21/05/2016', '30/12/2016', '23:59:59', '00:00:01', 'mort ', 0, 0),
('boule', 'T5HS-4185', '28/03/2016', '', '23:59:59', '', '', 0, 0),
('cesar', 'T5HS-4186', '24/04/2014', '21/04/2015', '23:59:59', '00:00:01', 'une partie des données est récupérée dans le collier : non transmises sur tellevilt', 0, 0),
('horizons', 'T5HS-4186', '18/04/2016', '', '23:59:59', '', '', 0, 0),
('natsou', 'T5HS-4187', '23/04/2013', '15/08/2013', '23:59:59', '00:00:01', 'ouverture drop off spontanée', 0, 0),
('teddy', 'T5HS-4187', '11/04/2014', '09/10/2014', '23:59:59', '00:00:01', 'ouverture uhf', 0, 0),
('paf', 'T5HS-4187', '05/05/2015', '01/02/2016', '23:59:59', '00:00:01', 'mort : date présumée', 0, 0),
('bouqui', 'T5HS-4188', '23/04/2013', '28/04/2015', '23:59:59', '00:00:01', 'changement de collier lors de capture', 0, 0),
('moussaillon', 'T5HS-4188', '20/05/2016', '', '23:59:59', '', '', 0, 0),
('ribqui', 'T5HS-4189', '13/05/2013', '01/10/2013', '23:59:59', '00:00:01', 'ouverture uhf', 0, 0),
('lintt', 'T5HS-4190', '13/05/2013', '', '23:59:59', '', 'collier non récupéré', 0, 0),
('elsa', 'T5HS-4267', '20/03/2015', '', '23:59:59', '', '', 0, 0),
('mimette', 'T5HS-4268', '16/05/2014', '19/08/2015', '23:59:59', '00:00:01', 'ouverture drop off spontanée', 0, 0),
('axel', 'T5HS-4268', '09/05/2017', '', '23:59:59', '', '', 0, 0),
('chipie', 'T5HS-4269', '09/04/2014', '', '23:59:59', '', 'collier non récupéré', 0, 0),
('tigrette', 'T5HS-4270', '23/04/2014', '05/09/2015', '23:59:59', '00:00:01', 'ouverture satellite', 0, 0),
('dance', 'T5HS-4270', '18/04/2017', '', '23:59:59', '', '', 0, 0),
('lucile', 'T5HS-4271', '20/03/2015', '17/10/2016', '23:59:59', '00:00:01', 'ouverture uhf', 0, 0),
('lola', 'T5HS-4272', '09/04/2014', '04/10/2015', '23:59:59', '00:00:01', 'ouverture satellite', 0, 0),
('sergio', 'T5HS-4272', '10/04/2017', '', '23:59:59', '', '', 0, 0),
('anais', 'T5HS-4273', '24/04/2015', '', '23:59:59', '', 'collier non récupéré', 0, 0),
('hercule', 'T5HS-4274', '24/04/2014', '01/12/2016', '23:59:59', '00:00:01', 'mort : date présumée', 0, 0),
('mineral', 'T5HS-4275', '28/04/2014', '', '23:59:59', '', 'collier non récupéré', 0, 0),
('king', 'T5HS-4276', '23/04/2014', '26/02/2015', '23:59:59', '00:00:01', 'mort ', 0, 0),
('fabien', 'T5HS-4276', '15/04/2016', '', '23:59:59', '', '', 0, 0),
('meollion', 'T5HS-4277', '08/09/2014', '07/04/2015', '23:59:59', '00:00:01', 'ouverture drop off spontanée', 0, 0),
('abricot', 'T5HS-4277', '15/06/2016', '', '23:59:59', '', '', 0, 0),
('bernardt', 'T5HS-4278', '23/05/2014', '01/03/2016', '23:59:59', '00:00:01', 'mort ', 0, 0),
('loulou', 'T5HS-4278', '17/05/2017', '', '23:59:59', '', '', 0, 0),
('pinceoreille', 'T5HS-4279', '23/05/2014', '13/11/2014', '23:59:59', '00:00:01', 'ouverture uhf', 0, 0),
('bouqui', 'T5HS-4279', '28/04/2015', '29/02/2016', '23:59:59', '00:00:01', 'mort ', 0, 0),
('mael', 'T5HS-4279', '18/04/2017', '', '23:59:59', '', '', 0, 0),
('teckel', 'T5HS-4280', '10/04/2014', '12/09/2014', '23:59:59', '00:00:01', 'ouverture uhf', 0, 0),
('pif', 'T5HS-4280', '05/05/2015', '20/02/2017', '23:59:59', '00:00:01', 'ouverture satellite', 0, 0),
('cool', 'T5HS-4281', '11/06/2014', '24/12/2014', '23:59:59', '00:00:01', 'mort ', 0, 0),
('mael', 'T5HS-4281', '28/04/2015', '18/04/2017', '23:59:59', '00:00:01', 'changement de collier lors de capture', 0, 0),
('clementine', 'T5HS-5179', '16/05/2015', '11/11/2016', '23:59:59', '00:00:01', 'ouverture uhf', 0, 0),
('patience', 'T5HS-5180', '30/03/2017', '', '23:59:59', '', '', 0, 0),
('dorine', 'T5HS-5181', '29/04/2016', '', '23:59:59', '', '', 0, 0),
('sabine', 'T5HS-5182', '16/05/2015', '29/11/2016', '23:59:59', '00:00:01', 'ouverture uhf', 0, 0),
('camille', 'T5HS-5183', '04/05/2016', '', '23:59:59', '', '', 0, 0),
('djet77', 'T5HS-5184', '21/04/2016', '', '23:59:59', '', '', 0, 0),
('hachka', 'T5HS-5185', '20/04/2016', '', '23:59:59', '', '', 0, 0),
('elena', 'T5HS-5186', '20/04/2016', '', '23:59:59', '', '', 0, 0),
('laslo', 'T5HS-5187', '10/05/2015', '14/09/2016', '23:59:59', '00:00:01', 'ouverture drop off spontanée', 0, 0),
('pierre', 'T5HS-5188', '16/05/2015', '07/12/2015', '23:59:59', '00:00:01', 'ouverture uhf', 0, 0),
('sirocco', 'T5HS-5188', '24/05/2017', '', '23:59:59', '', '', 0, 0),
('leo', 'T5HS-5189', '10/05/2015', '28/03/2017', '23:59:59', '00:00:01', 'changement de collier lors de capture', 0, 0),
('dimanche', 'T5HS-5190', '10/05/2015', '', '23:59:59', '', '', 0, 0),
('bluemoon', 'T5HS-5191', '30/05/2015', '21/05/2016', '23:59:59', '00:00:01', 'changement de collier lors de capture', 0, 0),
('leo', 'T5HS-5191', '28/03/2017', '', '23:59:59', '', '', 0, 0),
('johnny', 'T5HS-5192', '30/05/2015', '14/10/2015', '23:59:59', '00:00:01', 'ouverture uhf', 0, 0),
('horizons', 'T5HS-5193', '22/10/2015', '18/04/2016', '23:59:59', '00:00:01', 'changement de collier lors de capture', 0, 0),
('champsaur', 'T5HS-5193', '19/04/2017', '', '23:59:59', '', '', 0, 0);

-- --------------------------------------------------------

--
-- Structure de la table `users`
--

CREATE TABLE `users` (
  `id_user` int(10) NOT NULL,
  `login` varchar(100) NOT NULL,
  `user_name` varchar(50) NOT NULL,
  `user_firstname` varchar(50) NOT NULL,
  `pass` varchar(100) NOT NULL,
  `email` varchar(250) NOT NULL,
  `session_id` varchar(50) NOT NULL
) ENGINE=InnoDB DEFAULT CHARSET=utf8;

-- --------------------------------------------------------

--
-- Doublure de structure pour la vue `v_gps_animal`
--
CREATE TABLE `v_gps_animal` (
`id_gps_data` int(11) unsigned
,`ref_device` varchar(255)
,`device_info` varchar(100)
,`name` varchar(255)
,`dateheure` date
,`date_start` datetime
,`date_end` datetime
);

-- --------------------------------------------------------

--
-- Structure de la vue `v_gps_animal`
--
DROP TABLE IF EXISTS `v_gps_animal`;

CREATE ALGORITHM=UNDEFINED DEFINER=`followdem`@`localhost` SQL SECURITY DEFINER VIEW `v_gps_animal`  AS  select `g`.`id_gps_data` AS `id_gps_data`,`d`.`ref_device` AS `ref_device`,`d`.`device_info` AS `device_info`,`a`.`name` AS `name`,`g`.`dateheure` AS `dateheure`,`c`.`date_start` AS `date_start`,`c`.`date_end` AS `date_end` from (((`gps_data` `g` join `devices` `d` on((`d`.`ref_device` = `g`.`ref_device`))) join `cor_ad` `c` on((`c`.`id_device` = `d`.`id_device`))) join `animal` `a` on((`a`.`id_animal` = `c`.`id_animal`))) where (((`g`.`dateheure` > `c`.`date_start`) and (`g`.`dateheure` < `c`.`date_end`)) or ((`g`.`dateheure` > `c`.`date_start`) and isnull(`c`.`date_end`))) ;

--
-- Index pour les tables exportées
--

--
-- Index pour la table `animal`
--
ALTER TABLE `animal`
  ADD PRIMARY KEY (`id_animal`);

--
-- Index pour la table `cor_ad`
--
ALTER TABLE `cor_ad`
  ADD KEY `id_device` (`id_device`),
  ADD KEY `id_animal` (`id_animal`);

--
-- Index pour la table `devices`
--
ALTER TABLE `devices`
  ADD PRIMARY KEY (`id_device`),
  ADD UNIQUE KEY `ref_device` (`ref_device`),
  ADD KEY `id_device_type` (`id_device_type`);

--
-- Index pour la table `gps_data`
--
ALTER TABLE `gps_data`
  ADD PRIMARY KEY (`id_gps_data`),
  ADD KEY `ref_device` (`ref_device`);

--
-- Index pour la table `lib_devices_types`
--
ALTER TABLE `lib_devices_types`
  ADD PRIMARY KEY (`id_device_type`);

--
-- AUTO_INCREMENT pour les tables exportées
--

--
-- AUTO_INCREMENT pour la table `animal`
--
ALTER TABLE `animal`
  MODIFY `id_animal` int(11) NOT NULL AUTO_INCREMENT, AUTO_INCREMENT=70;
--
-- AUTO_INCREMENT pour la table `devices`
--
ALTER TABLE `devices`
  MODIFY `id_device` int(11) NOT NULL AUTO_INCREMENT, AUTO_INCREMENT=46;
--
-- AUTO_INCREMENT pour la table `gps_data`
--
ALTER TABLE `gps_data`
  MODIFY `id_gps_data` int(11) UNSIGNED NOT NULL AUTO_INCREMENT, AUTO_INCREMENT=495;
--
-- AUTO_INCREMENT pour la table `lib_devices_types`
--
ALTER TABLE `lib_devices_types`
  MODIFY `id_device_type` int(11) NOT NULL AUTO_INCREMENT;
--
-- Contraintes pour les tables exportées
--

--
-- Contraintes pour la table `cor_ad`
--
ALTER TABLE `cor_ad`
  ADD CONSTRAINT `cor_ad_ibfk_1` FOREIGN KEY (`id_device`) REFERENCES `devices` (`id_device`),
  ADD CONSTRAINT `cor_ad_ibfk_2` FOREIGN KEY (`id_animal`) REFERENCES `animal` (`id_animal`);

--
-- Contraintes pour la table `devices`
--
ALTER TABLE `devices`
  ADD CONSTRAINT `devices_ibfk_1` FOREIGN KEY (`id_device_type`) REFERENCES `lib_devices_types` (`id_device_type`);

--
-- Contraintes pour la table `gps_data`
--
ALTER TABLE `gps_data`
  ADD CONSTRAINT `gps_data_ibfk_1` FOREIGN KEY (`ref_device`) REFERENCES `devices` (`ref_device`);

/*!40101 SET CHARACTER_SET_CLIENT=@OLD_CHARACTER_SET_CLIENT */;
/*!40101 SET CHARACTER_SET_RESULTS=@OLD_CHARACTER_SET_RESULTS */;
/*!40101 SET COLLATION_CONNECTION=@OLD_COLLATION_CONNECTION */;
